enumeration_category,enumeration_name,value,v1_2,v2_1,v3_0
Adjustment Type,Decrement,00000002,N,Y,Y
Adjustment Type,Extensions,8XXXXXXX,N,Y,Y
Adjustment Type,Increment,00000001,N,Y,Y
Adjustment Type,Negate,00000003,N,Y,Y
Alternative Name Type,DNS Name,00000005,Y,Y,Y
Alternative Name Type,Email Address,00000004,Y,Y,Y
Alternative Name Type,Extensions,8XXXXXXX,Y,Y,Y
Alternative Name Type,IP Address,00000007,Y,Y,Y
Alternative Name Type,Object Serial Number,00000003,Y,Y,Y
Alternative Name Type,Uninterpreted Text String,00000001,Y,Y,Y
Alternative Name Type,URI,00000002,Y,Y,Y
Alternative Name Type,X.500 Distinguished Name,00000006,Y,Y,Y
Asynchronous Indicator,Extensions,8XXXXXXX,N,Y,Y
Asynchronous Indicator,Mandatory,00000001,N,Y,Y
Asynchronous Indicator,Optional,00000002,N,Y,Y
Asynchronous Indicator,Prohibited,00000003,N,Y,Y
Attestation Type,Extensions,8XXXXXXX,Y,Y,Y
Attestation Type,SAML Assertion,00000003,Y,Y,Y
Attestation Type,TCG Integrity Report,00000002,Y,Y,Y
Attestation Type,TPM Quote,00000001,Y,Y,Y
Batch Error Continuation Option,Continue,00000001,Y,Y,Y
Batch Error Continuation Option,Extensions,8XXXXXXX,Y,Y,Y
Batch Error Continuation Option,Stop,00000002,Y,Y,Y
Batch Error Continuation Option,Undo,00000003,Y,Y,Y
Block Cipher Mode,AEAD,00000012,N,Y,Y
Block Cipher Mode,AESKeyWrapPadding,0000000C,Y,Y,Y
Block Cipher Mode,CBC,00000001,Y,Y,Y
Block Cipher Mode,CBC-MAC,0000000A,Y,Y,Y
Block Cipher Mode,CCM,00000008,Y,Y,Y
Block Cipher Mode,CFB,00000004,Y,Y,Y
Block Cipher Mode,CMAC,00000007,Y,Y,Y
Block Cipher Mode,CTR,00000006,Y,Y,Y
Block Cipher Mode,ECB,00000002,Y,Y,Y
Block Cipher Mode,Extensions,8XXXXXXX,Y,Y,Y
Block Cipher Mode,GCM,00000009,Y,Y,Y
Block Cipher Mode,NISTKeyWrap,0000000D,Y,Y,Y
Block Cipher Mode,OFB,00000005,Y,Y,Y
Block Cipher Mode,PCBC,00000003,Y,Y,Y
Block Cipher Mode,X9.102 AESKW,0000000E,Y,Y,Y
Block Cipher Mode,X9.102 AKW1,00000010,Y,Y,Y
Block Cipher Mode,X9.102 AKW2,00000011,Y,Y,Y
Block Cipher Mode,X9.102 TDKW,0000000F,Y,Y,Y
Block Cipher Mode,XTS,0000000B,Y,Y,Y
Cancellation Result,Canceled,00000001,Y,Y,Y
Cancellation Result,Completed,00000003,Y,Y,Y
Cancellation Result,Extensions,8XXXXXXX,Y,Y,Y
Cancellation Result,Failed,00000004,Y,Y,Y
Cancellation Result,Unable to Cancel,00000002,Y,Y,Y
Cancellation Result,Unavailable,00000005,Y,Y,Y
Certificate Request Type,(Reserved),00000004,N,Y,Y
Certificate Request Type,CRMF,00000001,Y,Y,Y
Certificate Request Type,Extensions,8XXXXXXX,Y,Y,Y
Certificate Request Type,PEM,00000003,Y,Y,Y
Certificate Request Type,PGP,00000004 (deprecated),Y,N,N
Certificate Request Type,PKCS#10,00000002,Y,Y,Y
Certificate Type,Extensions,8XXXXXXX,Y,Y,Y
Certificate Type,PGP,00000002,N,Y,Y
Certificate Type,PGP,00000002 (deprecated),Y,N,N
Certificate Type,X.509,00000001,Y,Y,Y
Client Registration Method,Client Generated,00000004,N,Y,Y
Client Registration Method,Client Registered,00000005,N,Y,Y
Client Registration Method,Extensions,8XXXXXXX,N,Y,Y
Client Registration Method,Server On-Demand,00000003,N,Y,Y
Client Registration Method,Server Pre-Generated,00000002,N,Y,N
Client Registration Method,ServerPre-Generated,00000002,N,N,Y
Client Registration Method,Unspecified,00000001,N,Y,Y
Credential Type,Attestation,00000003,Y,Y,Y
Credential Type,Certificate,00000008,N,N,Y
Credential Type,Device,00000002,Y,Y,Y
Credential Type,Extensions,8XXXXXXX,Y,Y,Y
Credential Type,Hashed Password,00000005,N,Y,Y
Credential Type,One Time Password,00000004,N,Y,Y
Credential Type,Password,00000007,N,N,Y
Credential Type,Ticket,00000006,N,Y,Y
Credential Type,Username and Password,00000001,Y,Y,Y
Cryptographic Algorithm,3DES,00000002,Y,Y,Y
Cryptographic Algorithm,AES,00000003,Y,Y,Y
Cryptographic Algorithm,ARIA,00000029,N,Y,Y
Cryptographic Algorithm,Blowfish,00000010,Y,Y,Y
Cryptographic Algorithm,Camellia,00000011,Y,Y,Y
Cryptographic Algorithm,CAST5,00000012,Y,Y,Y
Cryptographic Algorithm,ChaCha20,0000001C,N,Y,Y
Cryptographic Algorithm,ChaCha20Poly1305,0000001E,N,Y,Y
Cryptographic Algorithm,DES,00000001,Y,Y,Y
Cryptographic Algorithm,DH,0000000D,Y,Y,Y
Cryptographic Algorithm,DSA,00000005,Y,Y,Y
Cryptographic Algorithm,EC,0000001A,Y,Y,Y
Cryptographic Algorithm,ECDH,0000000E,Y,Y,Y
Cryptographic Algorithm,ECDSA,00000006,Y,Y,Y
Cryptographic Algorithm,ECMQV,0000000F,Y,Y,Y
Cryptographic Algorithm,Ed25519,00000037,N,Y,Y
Cryptographic Algorithm,Ed448,00000038,N,Y,Y
Cryptographic Algorithm,Extensions,8XXXXXXX,Y,Y,Y
Cryptographic Algorithm,GOST 28147-89,00000031,N,Y,Y
Cryptographic Algorithm,GOST R 34.10-2012,0000002E,N,Y,Y
Cryptographic Algorithm,GOST R 34.11-2012,0000002F,N,Y,Y
Cryptographic Algorithm,GOST R 34.13-2015,00000030,N,Y,Y
Cryptographic Algorithm,HMAC-MD5,0000000C,Y,Y,Y
Cryptographic Algorithm,HMAC-SHA1,00000007,Y,Y,Y
Cryptographic Algorithm,HMAC-SHA224,00000008,Y,Y,Y
Cryptographic Algorithm,HMAC-SHA256,00000009,Y,Y,Y
Cryptographic Algorithm,HMAC-SHA3-224,00000023,N,Y,Y
Cryptographic Algorithm,HMAC-SHA3-256,00000024,N,Y,Y
Cryptographic Algorithm,HMAC-SHA3-384,00000025,N,Y,Y
Cryptographic Algorithm,HMAC-SHA3-512,00000026,N,Y,Y
Cryptographic Algorithm,HMAC-SHA384,0000000A,Y,Y,Y
Cryptographic Algorithm,HMAC-SHA512,0000000B,Y,Y,Y
Cryptographic Algorithm,IDEA,00000013,Y,Y,Y
Cryptographic Algorithm,MARS,00000014,Y,Y,Y
Cryptographic Algorithm,McEliece,00000034,N,Y,Y
Cryptographic Algorithm,McEliece-6960119,00000035,N,Y,Y
Cryptographic Algorithm,McEliece-8192128,00000036,N,Y,Y
Cryptographic Algorithm,ML-DSA-44,0000003C,N,N,Y
Cryptographic Algorithm,ML-DSA-65,0000003D,N,N,Y
Cryptographic Algorithm,ML-DSA-87,0000003E,N,N,Y
Cryptographic Algorithm,ML-KEM-1024,0000003B,N,N,Y
Cryptographic Algorithm,ML-KEM-512,00000039,N,N,Y
Cryptographic Algorithm,ML-KEM-768,0000003A,N,N,Y
Cryptographic Algorithm,One Time Pad,0000001B,N,Y,Y
Cryptographic Algorithm,Poly1305,0000001D,N,Y,Y
Cryptographic Algorithm,RC2,00000015,Y,Y,Y
Cryptographic Algorithm,RC4,00000016,Y,Y,Y
Cryptographic Algorithm,RC5,00000017,Y,Y,Y
Cryptographic Algorithm,RSA,00000004,Y,Y,Y
Cryptographic Algorithm,SEED,0000002A,N,Y,Y
Cryptographic Algorithm,SHA3-224,0000001F,N,Y,Y
Cryptographic Algorithm,SHA3-256,00000020,N,Y,Y
Cryptographic Algorithm,SHA3-384,00000021,N,Y,Y
Cryptographic Algorithm,SHA3-512,00000022,N,Y,Y
Cryptographic Algorithm,SHAKE-128,00000027,N,Y,Y
Cryptographic Algorithm,SHAKE-256,00000028,N,Y,Y
Cryptographic Algorithm,SKIPJACK,00000018,Y,Y,Y
Cryptographic Algorithm,SLH-DSA-SHA2-128f,00000040,N,N,Y
Cryptographic Algorithm,SLH-DSA-SHA2-128s,0000003F,N,N,Y
Cryptographic Algorithm,SLH-DSA-SHA2-192f,00000042,N,N,Y
Cryptographic Algorithm,SLH-DSA-SHA2-192s,00000041,N,N,Y
Cryptographic Algorithm,SLH-DSA-SHA2-256f,00000044,N,N,Y
Cryptographic Algorithm,SLH-DSA-SHA2-256s,00000043,N,N,Y
Cryptographic Algorithm,SLH-DSA-SHAKE-128f,00000046,N,N,Y
Cryptographic Algorithm,SLH-DSA-SHAKE-128s,00000045,N,N,Y
Cryptographic Algorithm,SLH-DSA-SHAKE-192f,00000048,N,N,Y
Cryptographic Algorithm,SLH-DSA-SHAKE-192s,00000047,N,N,Y
Cryptographic Algorithm,SLH-DSA-SHAKE-256f,0000004A,N,N,Y
Cryptographic Algorithm,SLH-DSA-SHAKE-256s,00000049,N,N,Y
Cryptographic Algorithm,SM2,0000002B,N,Y,Y
Cryptographic Algorithm,SM3,0000002C,N,Y,Y
Cryptographic Algorithm,SM4,0000002D,N,Y,Y
Cryptographic Algorithm,SPHINCS-256,00000033,N,Y,Y
Cryptographic Algorithm,Twofish,00000019,Y,Y,Y
Cryptographic Algorithm,XMSS,00000032,N,Y,Y
Data,Decrypt,00000001,N,Y,Y
Data,Encrypt,00000002,N,Y,Y
Data,Extensions,8XXXXXXX,N,Y,Y
Data,Hash,00000003,N,Y,Y
Data,MAC MAC Data,00000004,N,Y,N
Data,MACMACData,00000004,N,N,Y
Data,RNG Retrieve,00000005,N,Y,Y
Data,Sign Signature Data,00000006,N,Y,Y
Data,Signature Verify,00000007,N,Y,Y
Deactivation Reason Code,Deactivation Date,00000002,N,N,Y
Deactivation Reason Code,Extensions,8XXXXXXX,N,N,Y
Deactivation Reason Code,Protect Stop Date,00000003,N,N,Y
Deactivation Reason Code,Unspecified,00000001,N,N,Y
Deactivation Reason Code,Usage Limit,00000004,N,N,Y
Derivation Method,Asymmetric Key,00000008,N,Y,Y
Derivation Method,AWS Signature Version 4,00000009,N,Y,Y
Derivation Method,ENCRYPT,00000004,Y,Y,Y
Derivation Method,Extensions,8XXXXXXX,Y,Y,Y
Derivation Method,HASH,00000002,Y,Y,Y
Derivation Method,HKDF,0000000A,N,Y,Y
Derivation Method,HMAC,00000003,Y,Y,Y
Derivation Method,NIST800-108-C,00000005,Y,Y,Y
Derivation Method,NIST800-108-DPI,00000007,Y,Y,Y
Derivation Method,NIST800-108-F,00000006,Y,Y,Y
Derivation Method,PBKDF2,00000001,Y,Y,Y
Destroy Action,Deleted,00000006,N,Y,Y
Destroy Action,Extensions,8XXXXXXX,N,Y,Y
Destroy Action,Key Material Deleted,00000002,N,Y,Y
Destroy Action,Key Material Shredded,00000003,N,Y,Y
Destroy Action,Meta Data Deleted,00000004,N,Y,Y
Destroy Action,Meta Data Shredded,00000005,N,Y,Y
Destroy Action,Shredded,00000007,N,Y,Y
Destroy Action,Unspecified,00000001,N,Y,Y
Digital Signature Algorithm,DSA with SHA-1,00000009,Y,Y,Y
Digital Signature Algorithm,DSA with SHA224,0000000A,Y,Y,Y
Digital Signature Algorithm,DSA with SHA256,0000000B,Y,Y,Y
Digital Signature Algorithm,ECDSA with SHA-1,0000000C,Y,Y,Y
Digital Signature Algorithm,ECDSA with SHA224,0000000D,Y,Y,Y
Digital Signature Algorithm,ECDSA with SHA256,0000000E,Y,Y,Y
Digital Signature Algorithm,ECDSA with SHA384,0000000F,Y,Y,Y
Digital Signature Algorithm,ECDSA with SHA512,00000010,Y,Y,Y
Digital Signature Algorithm,Extensions,8XXXXXXX,Y,Y,Y
Digital Signature Algorithm,MD2 with RSA Encryption,00000001,N,Y,Y
Digital Signature Algorithm,MD2 with RSA Encryption(PKCS#1 v1.5),00000001,Y,N,N
Digital Signature Algorithm,MD5 with RSA Encryption,00000002,N,Y,Y
Digital Signature Algorithm,MD5 with RSA Encryption (PKCS#1 v1.5),00000002,Y,N,N
Digital Signature Algorithm,RSASSA-PSS,00000008,N,Y,Y
Digital Signature Algorithm,RSASSA-PSS(PKCS#1 v2.1),00000008,Y,N,N
Digital Signature Algorithm,SHA-1 with RSA Encryption,00000003,N,Y,Y
Digital Signature Algorithm,SHA-1 with RSA Encryption (PKCS#1 v1.5),00000003,Y,N,N
Digital Signature Algorithm,SHA-224 with RSA Encryption,00000004,N,Y,Y
Digital Signature Algorithm,SHA-224 with RSA Encryption (PKCS#1 v1.5),00000004,Y,N,N
Digital Signature Algorithm,SHA-256 with RSA Encryption,00000005,N,Y,Y
Digital Signature Algorithm,SHA-256 with RSA Encryption (PKCS#1 v1.5),00000005,Y,N,N
Digital Signature Algorithm,SHA-384 with RSA Encryption,00000006,N,Y,Y
Digital Signature Algorithm,SHA-384 with RSA Encryption (PKCS#1 v1.5),00000006,Y,N,N
Digital Signature Algorithm,SHA-512 with RSA Encryption,00000007,N,Y,Y
Digital Signature Algorithm,SHA-512 with RSA Encryption (PKCS#1 v1.5),00000007,Y,N,N
Digital Signature Algorithm,SHA3-256 with RSA Encryption,00000011,N,Y,Y
Digital Signature Algorithm,SHA3-384 with RSA Encryption,00000012,N,Y,Y
Digital Signature Algorithm,SHA3-512 with RSA Encryption,00000013,N,Y,Y
DRBG Algorithm,CTR,00000005,N,Y,Y
DRBG Algorithm,Dual-EC,00000002,N,Y,Y
DRBG Algorithm,Extensions,8XXXXXXX,N,Y,Y
DRBG Algorithm,Hash,00000003,N,Y,Y
DRBG Algorithm,HMAC,00000004,N,Y,Y
DRBG Algorithm,Unspecified,00000001,N,Y,Y
Encoding Option,Extensions,8XXXXXXX,Y,Y,Y
Encoding Option,No Encoding,00000001,Y,Y,Y
Encoding Option,TTLV Encoding,00000002,Y,Y,Y
Endpoint Role,Client,00000001,N,Y,Y
Endpoint Role,Extensions,8XXXXXXX,N,Y,Y
Endpoint Role,Server,00000002,N,Y,Y
Ephemeral,Data,00000001,N,N,Y
Ephemeral,Empty,00000002,N,N,Y
Ephemeral,Extensions,8XXXXXXX,N,N,Y
Ephemeral,Unique Identifier,00000003,N,N,Y
FIPS186 Variation,Extensions,8XXXXXXX,N,Y,Y
FIPS186 Variation,GP x-Change Notice,00000003,N,Y,Y
FIPS186 Variation,GP x-Original,00000002,N,Y,Y
FIPS186 Variation,k-Change Notice,00000007,N,Y,Y
FIPS186 Variation,k-Original,00000006,N,Y,Y
FIPS186 Variation,Unspecified,00000001,N,Y,Y
FIPS186 Variation,x-Change Notice,00000005,N,Y,Y
FIPS186 Variation,x-Original,00000004,N,Y,Y
Hashing Algorithm,Extensions,8XXXXXXX,Y,Y,Y
Hashing Algorithm,MD2,00000001,Y,Y,Y
Hashing Algorithm,MD4,00000002,Y,Y,Y
Hashing Algorithm,MD5,00000003,Y,Y,Y
Hashing Algorithm,RIPEMD-160,00000009,Y,Y,Y
Hashing Algorithm,SHA-1,00000004,Y,Y,Y
Hashing Algorithm,SHA-224,00000005,Y,Y,Y
Hashing Algorithm,SHA-256,00000006,Y,Y,Y
Hashing Algorithm,SHA-384,00000007,Y,Y,Y
Hashing Algorithm,SHA-512,00000008,Y,Y,Y
Hashing Algorithm,SHA-512/224,0000000C,Y,Y,Y
Hashing Algorithm,SHA-512/256,0000000D,Y,Y,Y
Hashing Algorithm,SHA3-224,0000000E,N,Y,Y
Hashing Algorithm,SHA3-256,0000000F,N,Y,Y
Hashing Algorithm,SHA3-384,00000010,N,Y,Y
Hashing Algorithm,SHA3-512,00000011,N,Y,Y
Hashing Algorithm,Tiger,0000000A,Y,Y,Y
Hashing Algorithm,Whirlpool,0000000B,Y,Y,Y
Interop Function,Begin,00000001,N,Y,Y
Interop Function,End,00000002,N,Y,Y
Interop Function,Extensions,8XXXXXXX,N,Y,Y
Interop Function,Reset,00000003,N,Y,Y
Item Type,Big Integer,00000004,N,Y,Y
Item Type,Boolean,00000006,N,Y,Y
Item Type,Byte String,00000008,N,Y,Y
Item Type,Date Time,00000009,N,Y,Y
Item Type,Date Time Extended,0000000B,N,Y,Y
Item Type,Enumeration,00000005,N,Y,Y
Item Type,Identifier,0000000C,N,N,Y
Item Type,Integer,00000002,N,Y,Y
Item Type,Interval,0000000A,N,Y,Y
Item Type,Long Integer,00000003,N,Y,Y
Item Type,Name Reference,0000000E,N,N,Y
Item Type,Reference,0000000D,N,N,Y
Item Type,Structure,00000001,N,Y,Y
Item Type,Text String,00000007,N,Y,Y
Key Compression Type,EC Public Key Type Uncompressed,00000001,Y,Y,Y
Key Compression Type,EC Public Key Type X9.62 Compressed Char2,00000003,Y,Y,Y
Key Compression Type,EC Public Key Type X9.62 Compressed Prime,00000002,Y,Y,Y
Key Compression Type,EC Public Key Type X9.62 Hybrid,00000004,Y,Y,Y
Key Compression Type,Extensions,8XXXXXXX,Y,Y,Y
Key Format Type,(Reserved),0000000E,N,Y,Y
Key Format Type,(Reserved),0000000F,N,Y,Y
Key Format Type,(Reserved),00000010,N,Y,Y
Key Format Type,(Reserved),00000011,N,Y,Y
Key Format Type,(Reserved),00000012,N,Y,Y
Key Format Type,(Reserved),00000013,N,Y,Y
Key Format Type,ECPrivateKey,00000006,Y,Y,Y
Key Format Type,Extensions,8XXXXXXX,Y,Y,Y
Key Format Type,Opaque,00000002,Y,Y,Y
Key Format Type,PKCS#1,00000003,Y,Y,Y
Key Format Type,PKCS#10,00000017,N,Y,Y
Key Format Type,PKCS#12,00000016,N,Y,Y
Key Format Type,PKCS#8,00000004,Y,Y,Y
Key Format Type,Raw,00000001,Y,Y,Y
Key Format Type,Transparent DH Private Key,0000000C,Y,Y,Y
Key Format Type,Transparent DH Public Key,0000000D,Y,Y,Y
Key Format Type,Transparent DSA Private Key,00000008,Y,Y,Y
Key Format Type,Transparent DSA Public Key,00000009,Y,Y,Y
Key Format Type,Transparent EC Private Key,00000014,N,Y,Y
Key Format Type,Transparent EC Public Key,00000015,N,Y,Y
Key Format Type,Transparent ECDH Private Key,00000010,Y,N,N
Key Format Type,Transparent ECDH Public Key,00000011,Y,N,N
Key Format Type,Transparent ECDSA Private Key,0000000E,Y,N,N
Key Format Type,Transparent ECDSA Public Key,0000000F,Y,N,N
Key Format Type,Transparent ECMQV Private Key,00000012,Y,N,N
Key Format Type,Transparent ECMQV Public Key,00000013,Y,N,N
Key Format Type,Transparent RSA Private Key,0000000A,Y,Y,Y
Key Format Type,Transparent RSA Public Key,0000000B,Y,Y,Y
Key Format Type,Transparent Symmetric Key,00000007,Y,Y,Y
Key Format Type,X.509,00000005,Y,Y,Y
Key Role Type,BDK,00000001,Y,Y,Y
Key Role Type,CVK,00000002,Y,Y,Y
Key Role Type,DEK,00000003,Y,Y,Y
Key Role Type,DUKPT,00000016,N,Y,Y
Key Role Type,Extensions,8XXXXXXX,Y,Y,Y
Key Role Type,IV,00000017,N,Y,Y
Key Role Type,KEK,0000000B,Y,Y,Y
Key Role Type,MAC16609,0000000C,Y,Y,Y
Key Role Type,MAC97971,0000000D,Y,Y,Y
Key Role Type,MAC97972,0000000E,Y,Y,Y
Key Role Type,MAC97973,0000000F,Y,Y,Y
Key Role Type,MAC97974,00000010,Y,Y,Y
Key Role Type,MAC97975,00000011,Y,Y,Y
Key Role Type,MKAC,00000004,Y,Y,Y
Key Role Type,MKCP,00000009,Y,Y,Y
Key Role Type,MKDAC,00000007,Y,Y,Y
Key Role Type,MKDN,00000008,Y,Y,Y
Key Role Type,MKOTH,0000000A,Y,Y,Y
Key Role Type,MKSMC,00000005,Y,Y,Y
Key Role Type,MKSMI,00000006,Y,Y,Y
Key Role Type,PVKIBM,00000013,Y,Y,Y
Key Role Type,PVKOTH,00000015,Y,Y,Y
Key Role Type,PVKPVV,00000014,Y,Y,Y
Key Role Type,TRKBK,00000018,N,Y,Y
Key Role Type,ZPK,00000012,Y,Y,Y
Key Value Location Type,Extensions,8XXXXXXX,Y,Y,Y
Key Value Location Type,Uninterpreted Text String,00000001,Y,Y,Y
Key Value Location Type,URI,00000002,Y,Y,Y
Key Wrap Type,As Registered,00000002,N,Y,Y
Key Wrap Type,Extensions,8XXXXXXX,N,Y,Y
Key Wrap Type,Not Wrapped,00000001,N,Y,Y
Link Type,Certificate Link,00000101,Y,Y,N
Link Type,Child Link,00000109,Y,Y,N
Link Type,Derivation Base Object Link,00000104,Y,Y,N
Link Type,Derived Key Link,00000105,Y,Y,N
Link Type,Extensions,8XXXXXXX,Y,Y,N
Link Type,Next Link,0000010B,Y,Y,N
Link Type,Parent Link,00000108,Y,Y,N
Link Type,PKCS#12 Certificate Link,0000010C,N,Y,N
Link Type,PKCS#12 Password Link,0000010D,N,Y,N
Link Type,Previous Link,0000010A,Y,Y,N
Link Type,Private Key Link,00000103,Y,Y,N
Link Type,Public Key Link,00000102,Y,Y,N
Link Type,Replaced Object Link,00000107,Y,Y,N
Link Type,Replacement Object Link,00000106,Y,Y,N
Link Type,Wrapping Key Link,0000010E,N,Y,N
Mask Generator,Extensions,8XXXXXXX,N,Y,Y
Mask Generator,MFG1,00000001,N,Y,Y
Name Type,Extensions,8XXXXXXX,Y,Y,N
Name Type,Uninterpreted Text String,00000001,Y,Y,N
Name Type,URI,00000002,Y,Y,N
NIST Key Type,Extensions,8XXXXXXX,N,Y,Y
NIST Key Type,Private authentication key,00000004,N,Y,Y
NIST Key Type,Private authorization key,00000012,N,Y,Y
NIST Key Type,Private ephemeral key agreement key,0000000F,N,Y,Y
NIST Key Type,Private key transport key,0000000A,N,Y,Y
NIST Key Type,Private signature key,00000001,N,Y,Y
NIST Key Type,Private static key agreement key,0000000D,N,Y,Y
NIST Key Type,Public authentication key,00000005,N,Y,Y
NIST Key Type,Public authorization key,00000013,N,Y,Y
NIST Key Type,Public ephemeral key agreement key,00000010,N,Y,Y
NIST Key Type,Public key transport key,0000000B,N,Y,Y
NIST Key Type,Public signature verification key,00000002,N,Y,Y
NIST Key Type,Public static key agreement key,0000000E,N,Y,Y
NIST Key Type,Symmetric authentication key,00000003,N,Y,Y
NIST Key Type,Symmetric authorization key,00000011,N,Y,Y
NIST Key Type,Symmetric data encryption key,00000006,N,Y,Y
NIST Key Type,Symmetric key agreement key,0000000C,N,Y,Y
NIST Key Type,Symmetric key wrapping key,00000007,N,Y,Y
NIST Key Type,Symmetric master key,00000009,N,Y,Y
NIST Key Type,Symmetric random number generation key,00000008,N,Y,Y
Object Class,Extensions,8XXXXXXX,N,N,Y
Object Class,System,00000002,N,N,Y
Object Class,User,00000001,N,N,Y
Object Group Member,Extensions,8XXXXXXX,Y,Y,N
Object Group Member,Group Member Default,00000002,Y,Y,N
Object Group Member,Group Member Fresh,00000001,Y,Y,N
Object Type,(Reserved),00000006,N,Y,Y
Object Type,Certificate,00000001,Y,Y,Y
Object Type,Certificate Request,0000000A,N,Y,Y
Object Type,Device Credential,0000000E,N,N,Y
Object Type,Extensions,8XXXXXXX,Y,Y,Y
Object Type,Group,0000000C,N,N,Y
Object Type,Hashed Password Credential,00000010,N,N,Y
Object Type,One Time Password Credential,0000000F,N,N,Y
Object Type,Opaque Object,00000008,Y,Y,Y
Object Type,Password Credential,0000000D,N,N,Y
Object Type,PGP Key,00000009,Y,Y,Y
Object Type,Private Key,00000004,Y,Y,Y
Object Type,Public Key,00000003,Y,Y,Y
Object Type,Secret Data,00000007,Y,Y,Y
Object Type,Split Key,00000005,Y,Y,Y
Object Type,Symmetric Key,00000002,Y,Y,Y
Object Type,Template,00000006,Y,N,N
Object Type,User,0000000B,N,N,Y
Opaque Data Type,Extensions,8XXXXXXX,Y,Y,Y
Operation,Activate,00000012,Y,Y,Y
Operation,Add Attribute,0000000D,Y,Y,Y
Operation,Adjust Attribute,00000030,N,Y,Y
Operation,Archive,00000015,Y,Y,Y
Operation,Cancel,00000019,Y,Y,Y
Operation,Certify,00000006,Y,Y,Y
Operation,Check,00000009,Y,Y,Y
Operation,Create,00000001,Y,Y,Y
Operation,Create Credential,0000003F,N,N,Y
Operation,Create Group,0000003C,N,N,Y
Operation,Create Key Pair,00000002,Y,Y,Y
Operation,Create Split Key,00000028,Y,Y,Y
Operation,Create User,0000003E,N,N,Y
Operation,Deactivate,00000040,N,N,Y
Operation,Decrypt,00000020,Y,Y,Y
Operation,Delegated Login,0000002F,N,Y,Y
Operation,Delete Attribute,0000000F,Y,Y,Y
Operation,Derive Key,00000005,Y,Y,Y
Operation,Destroy,00000014,Y,Y,Y
Operation,Discover Versions,0000001E,Y,Y,Y
Operation,Encrypt,0000001F,Y,Y,Y
Operation,Export,0000002B,N,Y,Y
Operation,Extensions,8XXXXXXX,Y,Y,Y
Operation,Get,0000000A,Y,Y,Y
Operation,Get Attribute List,0000000C,Y,Y,Y
Operation,Get Attributes,0000000B,Y,Y,Y
Operation,Get Constraints,00000038,N,Y,Y
Operation,Get Usage Allocation,00000011,Y,Y,Y
Operation,Hash,00000027,Y,Y,Y
Operation,Import,0000002A,N,Y,Y
Operation,Interop,00000034,N,Y,Y
Operation,Join Split Key,00000029,Y,Y,Y
Operation,Locate,00000008,Y,Y,Y
Operation,Log,0000002C,N,Y,Y
Operation,Login,0000002D,N,Y,Y
Operation,Logout,0000002E,N,Y,Y
Operation,MAC,00000023,Y,Y,Y
Operation,MAC Verify,00000024,Y,Y,Y
Operation,Modify Attribute,0000000E,Y,Y,Y
Operation,Notify,0000001B,Y,Y,Y
Operation,Obliterate,0000003D,N,N,Y
Operation,Obtain Lease,00000010,Y,Y,Y
Operation,Ping,0000003B,N,Y,Y
Operation,PKCS#11,00000033,N,Y,Y
Operation,Poll,0000001A,Y,Y,Y
Operation,Process,0000003A,N,Y,Y
Operation,Put,0000001C,Y,Y,Y
Operation,Query,00000018,Y,Y,Y
Operation,Query Asynchronous Requests,00000039,N,Y,Y
Operation,Re-certify,00000007,Y,Y,Y
Operation,Re-key,00000004,Y,Y,Y
Operation,Re-key Key Pair,0000001D,Y,Y,Y
Operation,Re-Provision,00000035,N,Y,Y
Operation,Recover,00000016,Y,Y,Y
Operation,Register,00000003,Y,Y,Y
Operation,Revoke,00000013,Y,Y,Y
Operation,RNG Retrieve,00000025,Y,Y,Y
Operation,RNG Seed,00000026,Y,Y,Y
Operation,Set Attribute,00000031,N,Y,Y
Operation,Set Constraints,00000037,N,Y,Y
Operation,Set Defaults,00000036,N,Y,Y
Operation,Set Endpoint Role,00000032,N,Y,Y
Operation,Sign,00000021,Y,Y,Y
Operation,Signature Verify,00000022,Y,Y,Y
Operation,Validate,00000017,Y,Y,Y
OTP Algorithm,Extensions,8xxxxxxx,N,N,Y
OTP Algorithm,HOTP,00000001,N,N,Y
OTP Algorithm,TOTP,00000002,N,N,Y
Padding Method,ANSI X9.23,00000006,Y,Y,Y
Padding Method,Extensions,8XXXXXXX,Y,Y,Y
Padding Method,ISO 10126,00000007,Y,Y,Y
Padding Method,None,00000001,Y,Y,Y
Padding Method,OAEP,00000002,Y,Y,Y
Padding Method,PKCS1 v1.5,00000008,Y,Y,Y
Padding Method,PKCS5,00000003,Y,Y,Y
Padding Method,PSS,0000000A,Y,Y,Y
Padding Method,SSL3,00000004,Y,Y,Y
Padding Method,X9.31,00000009,Y,Y,Y
Padding Method,Zeros,00000005,Y,Y,Y
Processing Stage,Completed,00000003,N,Y,Y
Processing Stage,Extensions,8XXXXXXX,N,Y,Y
Processing Stage,In Process,00000002,N,Y,Y
Processing Stage,Submitted,00000001,N,Y,Y
Profile Name,(Reserved),00000001-00000103,N,Y,Y
Profile Name,(Reserved),00000118,N,Y,Y
Profile Name,(Reserved),00000119,N,Y,Y
Profile Name,(Reserved),0000011A,N,Y,Y
Profile Name,(Reserved),0000011B,N,Y,Y
Profile Name,Advanced Cryptographic Client,0000010E,N,Y,Y
Profile Name,Advanced Cryptographic Server,0000010F,N,Y,Y
Profile Name,Advanced Symmetric Key Foundry Client,00000114,N,Y,Y
Profile Name,AES XTS Client,00000124,N,Y,Y
Profile Name,AES XTS Server,00000125,N,Y,Y
Profile Name,Asymmetric Key Lifecycle Client,0000010A,N,Y,Y
Profile Name,Asymmetric Key Lifecycle Server,0000010B,N,Y,Y
Profile Name,Baseline Client,0000012A,N,Y,Y
Profile Name,Baseline Server,0000012B,N,Y,Y
Profile Name,Basic Cryptographic Client,0000010C,N,Y,Y
Profile Name,Basic Cryptographic Server,0000010D,N,Y,Y
Profile Name,Basic Symmetric Key Foundry Client,00000112,N,Y,Y
Profile Name,Complete Server,0000012C,N,Y,Y
Profile Name,Complete Server Basic,00000104,N,Y,Y
Profile Name,Complete Server TLS v1.2,00000105,N,Y,Y
Profile Name,Extensions,8XXXXXXX,N,Y,Y
Profile Name,HTTPS Client,0000011E,N,Y,Y
Profile Name,HTTPS Server,0000011F,N,Y,Y
Profile Name,Intermediate Symmetric Key Foundry Client,00000113,N,Y,Y
Profile Name,JSON Client,00000120,N,Y,Y
Profile Name,JSON Server,00000121,N,Y,Y
Profile Name,Opaque Managed Object Store Client,00000116,N,Y,Y
Profile Name,Opaque Managed Object Store Server,00000117,N,Y,Y
Profile Name,PKCS#11 Client,00000128,N,Y,Y
Profile Name,PKCS#11 Server,00000129,N,Y,Y
Profile Name,Quantum Safe Client,00000126,N,Y,Y
Profile Name,Quantum Safe Server,00000127,N,Y,Y
Profile Name,RNG Cryptographic Client,00000110,N,Y,Y
Profile Name,RNG Cryptographic Server,00000111,N,Y,Y
Profile Name,Storage Array with Self Encrypting Drive Client,0000011C,N,Y,Y
Profile Name,Storage Array with Self Encrypting Drive Server,0000011D,N,Y,Y
Profile Name,Symmetric Key Foundry Server,00000115,N,Y,Y
Profile Name,Symmetric Key Lifecycle Client,00000108,N,Y,Y
Profile Name,Symmetric Key Lifecycle Server,00000109,N,Y,Y
Profile Name,Tape Library Client,00000106,N,Y,Y
Profile Name,Tape Library Server,00000107,N,Y,Y
Profile Name,XML Client,00000122,N,Y,Y
Profile Name,XML Server,00000123,N,Y,Y
Protection Level,Extensions,8XXXXXXX,N,Y,Y
Protection Level,High,00000001,N,Y,Y
Protection Level,Low,00000002,N,Y,Y
Put Function,Extensions,8XXXXXXX,Y,Y,Y
Put Function,New,00000001,Y,Y,Y
Put Function,Replace,00000002,Y,Y,Y
Query Function,Extensions,8XXXXXXX,Y,Y,Y
Query Function,Query Application Namespaces,00000004,Y,Y,Y
Query Function,Query Attestation Types,00000007,Y,Y,Y
Query Function,Query Capabilities,0000000B,N,Y,Y
Query Function,Query Client Registration Methods,0000000C,N,Y,Y
Query Function,Query Credential Information,0000000F,N,N,Y
Query Function,Query Defaults Information,0000000D,N,Y,Y
Query Function,Query Extension List,00000005,Y,Y,Y
Query Function,Query Extension Map,00000006,Y,Y,Y
Query Function,Query Objects,00000002,Y,Y,Y
Query Function,Query Operations,00000001,Y,Y,Y
Query Function,Query Profiles,0000000A,N,Y,Y
Query Function,Query RNGs,00000008,N,Y,Y
Query Function,Query Server Information,00000003,Y,Y,Y
Query Function,Query Storage Protection Masks,0000000E,N,Y,Y
Query Function,Query Validations,00000009,N,Y,Y
Recommended Curve,ANSIX9C2PNB163V1,00000027,Y,Y,Y
Recommended Curve,ANSIX9C2PNB163V2,00000028,Y,Y,Y
Recommended Curve,ANSIX9C2PNB163V3,00000029,Y,Y,Y
Recommended Curve,ANSIX9C2PNB176V1,0000002A,Y,Y,Y
Recommended Curve,ANSIX9C2PNB208W1,0000002E,Y,Y,Y
Recommended Curve,ANSIX9C2PNB272W1,00000032,Y,Y,Y
Recommended Curve,ANSIX9C2PNB304W1,00000033,Y,Y,Y
Recommended Curve,ANSIX9C2PNB368W1,00000035,Y,Y,Y
Recommended Curve,ANSIX9C2TNB191V1,0000002B,Y,Y,Y
Recommended Curve,ANSIX9C2TNB191V2,0000002C,Y,Y,Y
Recommended Curve,ANSIX9C2TNB191V3,0000002D,Y,Y,Y
Recommended Curve,ANSIX9C2TNB239V1,0000002F,Y,Y,Y
Recommended Curve,ANSIX9C2TNB239V2,00000030,Y,Y,Y
Recommended Curve,ANSIX9C2TNB239V3,00000031,Y,Y,Y
Recommended Curve,ANSIX9C2TNB359V1,00000034,Y,Y,Y
Recommended Curve,ANSIX9C2TNB431R1,00000036,Y,Y,Y
Recommended Curve,ANSIX9P192V2,00000022,Y,Y,Y
Recommended Curve,ANSIX9P192V3,00000023,Y,Y,Y
Recommended Curve,ANSIX9P239V1,00000024,Y,Y,Y
Recommended Curve,ANSIX9P239V2,00000025,Y,Y,Y
Recommended Curve,ANSIX9P239V3,00000026,Y,Y,Y
Recommended Curve,B-163,00000003,Y,Y,Y
Recommended Curve,B-233,00000006,Y,Y,Y
Recommended Curve,B-283,00000009,Y,Y,Y
Recommended Curve,B-409,0000000C,Y,Y,Y
Recommended Curve,B-571,0000000F,Y,Y,Y
Recommended Curve,BRAINPOOLP160R1,00000037,Y,Y,Y
Recommended Curve,BRAINPOOLP160T1,00000038,Y,Y,Y
Recommended Curve,BRAINPOOLP192R1,00000039,Y,Y,Y
Recommended Curve,BRAINPOOLP192T1,0000003A,Y,Y,Y
Recommended Curve,BRAINPOOLP224R1,0000003B,Y,Y,Y
Recommended Curve,BRAINPOOLP224T1,0000003C,Y,Y,Y
Recommended Curve,BRAINPOOLP256R1,0000003D,Y,Y,Y
Recommended Curve,BRAINPOOLP256T1,0000003E,Y,Y,Y
Recommended Curve,BRAINPOOLP320R1,0000003F,Y,Y,Y
Recommended Curve,BRAINPOOLP320T1,00000040,Y,Y,Y
Recommended Curve,BRAINPOOLP384R1,00000041,Y,Y,Y
Recommended Curve,BRAINPOOLP384T1,00000042,Y,Y,Y
Recommended Curve,BRAINPOOLP512R1,00000043,Y,Y,Y
Recommended Curve,BRAINPOOLP512T1,00000044,Y,Y,Y
Recommended Curve,CURVE25519,00000045,N,Y,Y
Recommended Curve,CURVE448,00000046,N,Y,Y
Recommended Curve,Extensions,8XXXXXXX,Y,Y,Y
Recommended Curve,K-163,00000002,Y,Y,Y
Recommended Curve,K-233,00000005,Y,Y,Y
Recommended Curve,K-283,00000008,Y,Y,Y
Recommended Curve,K-409,0000000B,Y,Y,Y
Recommended Curve,K-571,0000000E,Y,Y,Y
Recommended Curve,P-192,00000001,Y,Y,Y
Recommended Curve,P-224,00000004,Y,Y,Y
Recommended Curve,P-256,00000007,Y,Y,Y
Recommended Curve,P-384,0000000A,Y,Y,Y
Recommended Curve,P-521,0000000D,Y,Y,Y
Recommended Curve,SECP112R1,00000010,Y,Y,Y
Recommended Curve,SECP112R2,00000011,Y,Y,Y
Recommended Curve,SECP128R1,00000012,Y,Y,Y
Recommended Curve,SECP128R2,00000013,Y,Y,Y
Recommended Curve,SECP160K1,00000014,Y,Y,Y
Recommended Curve,SECP160R1,00000015,Y,Y,Y
Recommended Curve,SECP160R2,00000016,Y,Y,Y
Recommended Curve,SECP192K1,00000017,Y,Y,Y
Recommended Curve,SECP224K1,00000018,Y,Y,Y
Recommended Curve,SECP256K1,00000019,Y,Y,Y
Recommended Curve,SECT113R1,0000001A,Y,Y,Y
Recommended Curve,SECT113R2,0000001B,Y,Y,Y
Recommended Curve,SECT131R1,0000001C,Y,Y,Y
Recommended Curve,SECT131R2,0000001D,Y,Y,Y
Recommended Curve,SECT163R1,0000001E,Y,Y,Y
Recommended Curve,SECT193R1,0000001F,Y,Y,Y
Recommended Curve,SECT193R2,00000020,Y,Y,Y
Recommended Curve,SECT239K1,00000021,Y,Y,Y
Result Reason,(Reserved),0000000B,N,Y,Y
Result Reason,(Reserved),0000000E,N,Y,Y
Result Reason,(Reserved),00000027,N,Y,Y
Result Reason,(Reserved),00000031,N,Y,Y
Result Reason,(Reserved),00000033,N,Y,Y
Result Reason,(Reserved),00000038,N,Y,Y
Result Reason,(Reserved),0000004A,N,N,Y
Result Reason,Application Namespace Not Supported,0000000F,Y,Y,Y
Result Reason,Attestation Failed,00000015,Y,Y,Y
Result Reason,Attestation Required,00000014,Y,Y,Y
Result Reason,Attribute Instance Not Found,00000020,N,Y,Y
Result Reason,Attribute Not Found,00000021,N,Y,Y
Result Reason,Attribute Read Only,00000022,N,Y,Y
Result Reason,Attribute Single Valued,00000023,N,Y,Y
Result Reason,Authentication Not Successful,00000003,Y,Y,Y
Result Reason,Bad Cryptographic Parameters,00000024,N,Y,Y
Result Reason,Bad Password,00000025,N,Y,Y
Result Reason,Circular Link Error,0000004D,N,N,Y
Result Reason,Codec Error,00000026,N,Y,Y
Result Reason,Constraint Violation,0000004B,N,Y,Y
Result Reason,Cryptographic Failure,0000000A,Y,Y,Y
Result Reason,Duplicate Process Request,0000004C,N,Y,Y
Result Reason,Encoding Option Error,00000012,Y,Y,Y
Result Reason,Extensions,8XXXXXXX,Y,Y,Y
Result Reason,Feature Not Supported,00000008,Y,Y,Y
Result Reason,General Failure,00000100,Y,Y,Y
Result Reason,Illegal Object Type,00000028,N,Y,Y
Result Reason,Illegal Operation,0000000B,Y,N,N
Result Reason,Incompatible Cryptographic Usage Mask,00000029,N,Y,Y
Result Reason,Index Out of Bounds,0000000E,Y,N,N
Result Reason,Internal Server Error,0000002A,N,Y,Y
Result Reason,Invalid Asynchronous Correlation Value,0000002B,N,Y,Y
Result Reason,Invalid Attribute,0000002C,N,Y,Y
Result Reason,Invalid Attribute Value,0000002D,N,Y,Y
Result Reason,Invalid Correlation Value,0000002E,N,Y,Y
Result Reason,Invalid CSR,0000002F,N,Y,Y
Result Reason,Invalid Data Type,0000001C,N,Y,Y
Result Reason,Invalid Field,00000007,Y,Y,Y
Result Reason,Invalid Message,00000004,Y,Y,Y
Result Reason,Invalid Object Type,00000030,N,Y,Y
Result Reason,Invalid Ticket,00000019,N,Y,Y
Result Reason,Item Not Found,00000001,Y,Y,Y
Result Reason,Key Compression Type Not Supported,00000011,Y,Y,Y
Result Reason,Key Format Type Not Supported,00000010,Y,Y,Y
Result Reason,Key Value Not Present,00000013,Y,Y,Y
Result Reason,Key Wrap Type Not Supported,00000032,N,Y,Y
Result Reason,Missing Data,00000006,Y,Y,Y
Result Reason,Missing Initialization Vector,00000034,N,Y,Y
Result Reason,Multi Valued Attribute,0000001E,N,Y,Y
Result Reason,Non Unique Name Attribute,00000035,N,Y,N
Result Reason,Non UniqueName Attribute,00000035,N,N,Y
Result Reason,Not Authorised,00000039,N,Y,N
Result Reason,Not Extractable,00000017,N,Y,Y
Result Reason,NotAuthorised,00000039,N,N,Y
Result Reason,Numeric Range,0000001B,N,Y,Y
Result Reason,Object Already Exists,00000018,N,Y,Y
Result Reason,Object archived,0000000D,Y,Y,Y
Result Reason,Object Destroyed,00000036,N,Y,Y
Result Reason,Object Not Found,00000037,N,Y,Y
Result Reason,Operation Canceled By Requester,00000009,Y,Y,N
Result Reason,Operation CanceledByRequester,00000009,N,N,Y
Result Reason,Operation Not Supported,00000005,Y,Y,Y
Result Reason,Permission Denied,0000000C,Y,Y,Y
Result Reason,PKCS#11 Codec Error,00000045,N,Y,Y
Result Reason,PKCS#11 Invalid Function,00000046,N,Y,Y
Result Reason,PKCS#11 Invalid Interface,00000047,N,Y,Y
Result Reason,Private Protection Storage Unavailable,00000048,N,Y,Y
Result Reason,Protection Storage Unavailable,00000044,N,Y,Y
Result Reason,Public Protection Storage Unavailable,00000049,N,Y,Y
Result Reason,Read Only Attribute,0000001D,N,Y,Y
Result Reason,Response Too Large,00000002,Y,Y,Y
Result Reason,Sensitive,00000016,N,Y,Y
Result Reason,Server Limit Exceeded,0000003A,N,Y,Y
Result Reason,Unknown Enumeration,0000003B,N,Y,Y
Result Reason,Unknown Message Extension,0000003C,N,Y,Y
Result Reason,Unknown Object Group,0000004A,N,Y,N
Result Reason,Unknown Tag,0000003D,N,Y,Y
Result Reason,Unsupported Attribute,0000001F,N,Y,Y
Result Reason,Unsupported Cryptographic Parameters,0000003E,N,Y,Y
Result Reason,Unsupported Protocol Version,0000003F,N,Y,Y
Result Reason,Usage Limit Exceeded,0000001A,N,Y,Y
Result Reason,Wrapping Object Archived,00000040,N,Y,Y
Result Reason,Wrapping Object Destroyed,00000041,N,Y,Y
Result Reason,Wrapping Object Not Found,00000042,N,Y,Y
Result Reason,Wrong Key Lifecycle State,00000043,N,Y,Y
Result Status,Extensions,8XXXXXXX,Y,Y,Y
Result Status,Operation Failed,00000001,Y,Y,Y
Result Status,Operation Pending,00000002,Y,Y,Y
Result Status,Operation Undone,00000003,Y,Y,Y
Result Status,Success,00000000,Y,Y,Y
Revocation Reason Code,Affiliation Changed,00000004,Y,Y,Y
Revocation Reason Code,CA Compromise,00000003,Y,Y,Y
Revocation Reason Code,Cessation of Operation,00000006,Y,Y,Y
Revocation Reason Code,Extensions,8XXXXXXX,Y,Y,Y
Revocation Reason Code,Key Compromise,00000002,Y,Y,Y
Revocation Reason Code,Privilege Withdrawn,00000007,Y,Y,Y
Revocation Reason Code,Superseded,00000005,Y,Y,Y
Revocation Reason Code,Unspecified,00000001,Y,Y,Y
RNG Algorithm,ANSI X9.31,00000005,N,Y,Y
RNG Algorithm,ANSI X9.62,00000006,N,Y,Y
RNG Algorithm,DRBG,00000003,N,Y,Y
RNG Algorithm,Extensions,8XXXXXXX,N,Y,Y
RNG Algorithm,FIPS 186-2,00000002,N,Y,Y
RNG Algorithm,NRBG,00000004,N,Y,Y
RNG Algorithm,Unspecified,00000001,N,Y,Y
RNG Mode,Extensions,8XXXXXXX,N,Y,Y
RNG Mode,Non-Shared Instantiation,00000003,N,Y,Y
RNG Mode,Shared Instantiation,00000002,N,Y,Y
RNG Mode,Unspecified,00000001,N,Y,Y
Rotate Name Type,Extensions,8XXXXXXX,N,Y,N
Rotate Name Type,Uninterpreted Text String,00000001,N,Y,N
Rotate Name Type,URI,00000002,N,Y,N
Secret Data Type,Extensions,8XXXXXXX,Y,Y,Y
Secret Data Type,Password,00000001,Y,Y,Y
Secret Data Type,Seed,00000002,Y,Y,Y
Shredding Algorithm,Cryptographic,00000002,N,Y,Y
Shredding Algorithm,Extensions,8XXXXXXX,N,Y,Y
Shredding Algorithm,Unspecified,00000001,N,Y,Y
Shredding Algorithm,Unsupported,00000003,N,Y,Y
Split Key Method,Extensions,8XXXXXXX,Y,Y,Y
Split Key Method,Polynomial Sharing GF (216),00000002,Y,Y,Y
Split Key Method,Polynomial Sharing GF (28),00000004,Y,Y,Y
Split Key Method,Polynomial Sharing Prime Field,00000003,Y,Y,Y
Split Key Method,XOR,00000001,Y,Y,Y
Split Key Polynomial,Extensions,8XXXXXXX,N,N,Y
Split Key Polynomial,Polynomial-283,00000001,N,N,Y
Split Key Polynomial,Polynomial-285,00000002,N,N,Y
State,Active,00000002,Y,Y,Y
State,Compromised,00000004,Y,Y,Y
State,Deactivated,00000003,Y,Y,Y
State,Destroyed,00000005,Y,Y,Y
State,Destroyed Compromised,00000006,Y,Y,Y
State,Extensions,8XXXXXXX,Y,Y,Y
State,Pre-Active,00000001,Y,Y,Y
Tag,(Reserved),0x420170,N,N,Y
Tag,(Reserved),0x420171,N,N,Y
Tag,(Reserved),420009,N,Y,Y
Tag,(Reserved),42000D,N,N,Y
Tag,(Reserved),420010,N,N,Y
Tag,(Reserved),420014,N,Y,Y
Tag,(Reserved),420015,N,Y,Y
Tag,(Reserved),420016,N,Y,Y
Tag,(Reserved),420017,N,Y,Y
Tag,(Reserved),42001A,N,Y,Y
Tag,(Reserved),42001B,N,Y,Y
Tag,(Reserved),42001C,N,Y,Y
Tag,(Reserved),42001F,N,Y,Y
Tag,(Reserved),42002D,N,Y,Y
Tag,(Reserved),42003B,N,Y,Y
Tag,(Reserved),42004A,N,N,Y
Tag,(Reserved),42004B,N,N,Y
Tag,(Reserved),42004C,N,N,Y
Tag,(Reserved),420054,N,N,Y
Tag,(Reserved),420055,N,N,Y
Tag,(Reserved),420056,N,N,Y
Tag,(Reserved),42005D,N,Y,Y
Tag,(Reserved),420065,N,Y,Y
Tag,(Reserved),42006E,N,Y,Y
Tag,(Reserved),420087,N,Y,Y
Tag,(Reserved),420090,N,Y,Y
Tag,(Reserved),420091,N,Y,Y
Tag,(Reserved),420093,N,N,Y
Tag,(Reserved),4200AC,N,N,Y
Tag,(Reserved),4200D4 – 42FFFF,Y,N,N
Tag,(Reserved),42013E,N,Y,Y
Tag,(Reserved),42013F,N,Y,Y
Tag,(Reserved),420XXX – 42FFFF,N,Y,Y
Tag,(Unused),000000 - 420000,Y,Y,Y
Tag,(Unused),430000 – 53FFFF,Y,Y,Y
Tag,(Unused),550000 - FFFFFF,Y,Y,Y
Tag,Activation Date,420001,Y,Y,Y
Tag,Adjustment Type,420158,N,Y,Y
Tag,Adjustment Value,420162,N,Y,Y
Tag,Alternate Failover Endpoints,420135,N,Y,Y
Tag,Alternative Name,4200BF,Y,Y,Y
Tag,Alternative Name Type,4200C1,Y,Y,Y
Tag,Alternative Name Value,4200C0,Y,Y,Y
Tag,Always Sensitive,420121,N,Y,Y
Tag,Application Data,420002,Y,Y,Y
Tag,Application Namespace,420003,Y,Y,Y
Tag,Application Specific Information,420004,Y,Y,Y
Tag,Archive Date,420005,Y,Y,Y
Tag,Asynchronous Capability,4200F0,N,Y,Y
Tag,Asynchronous Correlation Value,420006,Y,Y,Y
Tag,Asynchronous Correlation Values,0x420176,N,Y,Y
Tag,Asynchronous Indicator,420007,Y,Y,Y
Tag,Asynchronous Request,0x420173,N,Y,Y
Tag,Attestation Assertion,4200CC,Y,Y,Y
Tag,Attestation Capability,4200F1,N,Y,Y
Tag,Attestation Capable Indicator,4200D3,Y,Y,Y
Tag,Attestation Measurement,4200CB,Y,Y,Y
Tag,Attestation Type,4200C7,Y,Y,Y
Tag,Attribute,420008,Y,Y,Y
Tag,Attribute Index,420009,Y,N,N
Tag,Attribute Name,42000A,Y,Y,Y
Tag,Attribute Reference,42013B,N,Y,Y
Tag,Attribute Value,42000B,Y,Y,Y
Tag,Attributes,420125,N,Y,Y
Tag,Authenticated Encryption Tag,4200FF,N,Y,Y
Tag,AuthenticatedEncryption Additional Data,4200FE,N,Y,Y
Tag,Authentication,42000C,Y,Y,Y
Tag,Batch Continue Capability,4200FA,N,Y,Y
Tag,Batch Count,42000D,Y,Y,N
Tag,Batch Error Continuation Option,42000E,Y,Y,Y
Tag,Batch Item,42000F,Y,Y,Y
Tag,Batch Order Option,420010,Y,Y,N
Tag,Batch Undo Capability,4200F9,N,Y,Y
Tag,Block Cipher Mode,420011,Y,Y,Y
Tag,Build Date,420133,N,Y,Y
Tag,Build Level,420132,N,Y,Y
Tag,Cancellation Result,420012,Y,Y,Y
Tag,Capability Information,4200F7,N,Y,Y
Tag,Certificate,420013,Y,Y,Y
Tag,Certificate Identifier,420014(deprecated as of version 1.1),Y,N,N
Tag,Certificate Issuer,420015(deprecated as of version 1.1),Y,N,N
Tag,Certificate Issuer Alternative Name,420016(deprecated as of version 1.1),Y,N,N
Tag,Certificate Issuer C,420118,N,Y,Y
Tag,Certificate Issuer CN,420114,N,Y,Y
Tag,Certificate Issuer DC,42011E,N,Y,Y
Tag,Certificate Issuer Distinguished Name,420017(deprecated as of version 1.1),Y,N,N
Tag,Certificate Issuer DN,0x4201BB,N,N,Y
Tag,Certificate Issuer DN Qualifier,42011F,N,Y,Y
Tag,Certificate Issuer Email,420117,N,Y,Y
Tag,Certificate Issuer L,42011A,N,Y,Y
Tag,Certificate Issuer O,420115,N,Y,Y
Tag,Certificate Issuer OU,420116,N,Y,Y
Tag,Certificate Issuer Serial Number,42011C,N,Y,Y
Tag,Certificate Issuer ST,420119,N,Y,Y
Tag,Certificate Issuer Title,42011D,N,Y,Y
Tag,Certificate Issuer UID,42011B,N,Y,Y
Tag,Certificate Length,4200AD,Y,Y,Y
Tag,Certificate Link,0x420190,N,N,Y
Tag,Certificate Request,420018,Y,Y,Y
Tag,Certificate Request Link,0x4201BC,N,N,Y
Tag,Certificate Request Type,420019,Y,Y,Y
Tag,Certificate Request Unique Identifier,420139,N,Y,Y
Tag,Certificate Request Value,420140,N,Y,Y
Tag,Certificate Serial Number,4200AF,Y,Y,Y
Tag,Certificate Subject,42001A(deprecated as of version 1.1),Y,N,N
Tag,Certificate Subject Alternative Name,42001B(deprecated as of version 1.1),Y,N,N
Tag,Certificate Subject C,42010C,N,Y,Y
Tag,Certificate Subject CN,420108,N,Y,Y
Tag,Certificate Subject DC,420112,N,Y,Y
Tag,Certificate Subject Distinguished Name,42001C(deprecated as of version 1.1),Y,N,N
Tag,Certificate Subject DN,0x4201BA,N,N,Y
Tag,Certificate Subject DN Qualifier,420113,N,Y,Y
Tag,Certificate Subject Email,42010B,N,Y,Y
Tag,Certificate Subject L,42010E,N,Y,Y
Tag,Certificate Subject O,420109,N,Y,Y
Tag,Certificate Subject OU,42010A,N,Y,Y
Tag,Certificate Subject Serial Number,420110,N,Y,Y
Tag,Certificate Subject ST,42010D,N,Y,Y
Tag,Certificate Subject Title,420111,N,Y,Y
Tag,Certificate Subject UID,42010F,N,Y,Y
Tag,Certificate Type,42001D,Y,Y,Y
Tag,Certificate Value,42001E,Y,Y,Y
Tag,Certify Counter,0x4201BD,N,N,Y
Tag,Child Link,0x420191,N,N,Y
Tag,Client Correlation Value,420105,N,Y,Y
Tag,Client Registration Method,4200F6,N,Y,Y
Tag,Cluster Info,420134,N,Y,Y
Tag,Comment,4200FD,N,Y,Y
Tag,Common Attributes,420126,N,Y,Y
Tag,Common Protection Storage Masks,420163,N,Y,Y
Tag,Common Template-Attribute,42001F,Y,N,N
Tag,Compromise Date,420020,Y,Y,N
Tag,Compromise Occurrence Date,420021,Y,Y,Y
Tag,CompromiseDate,420020,N,N,Y
Tag,Constraint,420169,N,Y,Y
Tag,Constraints,420168,N,Y,Y
Tag,Contact Information,420022,Y,Y,Y
Tag,Correlation Value,4200D6,N,Y,Y
Tag,Counter Length,4200D0,Y,Y,Y
Tag,Credential,420023,Y,Y,Y
Tag,Credential Information,0x4201B2,N,N,Y
Tag,Credential Link,0x4201A0,N,N,Y
Tag,Credential Type,420024,Y,Y,Y
Tag,Credential Value,420025,Y,Y,Y
Tag,Criticality Indicator,420026,Y,Y,Y
Tag,CRT Coefficient,420027,Y,Y,Y
Tag,Cryptographic Algorithm,420028,Y,Y,Y
Tag,Cryptographic Domain Parameters,420029,Y,Y,Y
Tag,Cryptographic Length,42002A,Y,Y,Y
Tag,Cryptographic Parameters,42002B,Y,Y,Y
Tag,Cryptographic Usage Mask,42002C,Y,Y,Y
Tag,Current Attribute,42013C,N,Y,Y
Tag,Custom Attribute,42002D,Y,N,N
Tag,D,42002E,Y,Y,Y
Tag,Data,4200C2,Y,Y,Y
Tag,Data Length,4200C4,Y,Y,Y
Tag,Deactivation Date,42002F,Y,Y,Y
Tag,Deactivation Message,0x4201B7,N,N,Y
Tag,Deactivation Reason,0x4201B8,N,N,Y
Tag,Deactivation Reason Code,0x4201B9,N,N,Y
Tag,Decrypt Counter,0x4201BE,N,N,Y
Tag,Defaults Information,420152,N,Y,Y
Tag,Derivation Data,420030,Y,Y,Y
Tag,Derivation Method,420031,Y,Y,Y
Tag,Derivation Object Link,0x420192,N,N,Y
Tag,Derivation Parameters,420032,Y,Y,Y
Tag,Derived Object Link,0x420193,N,N,Y
Tag,Description,4200FC,N,Y,Y
Tag,Destroy Action,4200F3,N,Y,Y
Tag,Destroy Date,420033,Y,Y,Y
Tag,Device Credential,0x4201A6,N,N,Y
Tag,Device Identifier,4200A2,Y,Y,Y
Tag,Device Serial Number,4200B0,Y,Y,Y
Tag,Digest,420034,Y,Y,Y
Tag,Digest Value,420035,Y,Y,Y
Tag,Digested Data,420107,N,Y,Y
Tag,Digital Signature Algorithm,4200AE,Y,Y,Y
Tag,DRBG Algorithm,4200DB,N,Y,Y
Tag,Encoding Option,4200A3,Y,Y,Y
Tag,Encrypt Counter,0x4201BF,N,N,Y
Tag,Encryption Key Information,420036,Y,Y,Y
Tag,Endpoint Role,420151,N,Y,Y
Tag,Ephemeral,420154,N,Y,Y
Tag,Extension Attribute,42012A,N,Y,Y
Tag,Extension Description,42012C,N,Y,Y
Tag,Extension Enumeration,420129,N,Y,Y
Tag,Extension Information,4200A4,Y,Y,Y
Tag,Extension Name,4200A5,Y,Y,Y
Tag,Extension Parent Structure Tag,42012B,N,Y,Y
Tag,Extension Tag,4200A6,Y,Y,Y
Tag,Extension Type,4200A7,Y,Y,Y
Tag,Extensions,540000 – 54FFFF,Y,Y,Y
Tag,Extractable,420122,N,Y,Y
Tag,Final Indicator,4200D8,N,Y,Y
Tag,FIPS186 Variation,4200DC,N,Y,Y
Tag,Fixed Field Length,4200CF,Y,Y,Y
Tag,Fresh,4200A8,Y,Y,Y
Tag,G,420037,Y,Y,Y
Tag,Group Link,0x4201B3,N,N,Y
Tag,Hashed Password,420157,N,Y,Y
Tag,Hashed Password Credential,0x4201AF,N,N,Y
Tag,Hashed Password Username,0x4201B1,N,N,Y
Tag,Hashed Username Password,0x4201B0,N,N,Y
Tag,Hashing Algorithm,420038,Y,Y,Y
Tag,Init Indicator,4200D7,N,Y,Y
Tag,Initial Counter Value,4200D1,Y,Y,Y
Tag,Initial Date,420039,Y,Y,Y
Tag,Initialization Vector,42003A,Y,Y,Y
Tag,Interop Function,420160,N,Y,Y
Tag,Interop Identifier,420161,N,Y,Y
Tag,Invocation Field Length,4200D2,Y,Y,Y
Tag,Issuer,42003B(deprecated as of version 1.1),Y,N,N
Tag,Issuer Alternative Name,4200B1,Y,Y,Y
Tag,Issuer Distinguished Name,4200B2,Y,Y,Y
Tag,Iteration Count,42003C,Y,Y,Y
Tag,IV Length,4200CD,Y,Y,Y
Tag,IV/Counter/Nonce,42003D,Y,Y,Y
Tag,J,42003E,Y,Y,Y
Tag,Joined Split Key Parts Link,0x4201B5,N,N,Y
Tag,Key,42003F,Y,Y,Y
Tag,Key Block,420040,Y,Y,Y
Tag,Key Compression Type,420041,Y,Y,Y
Tag,Key Format Type,420042,Y,Y,Y
Tag,Key Material,420043,Y,Y,Y
Tag,Key Part Identifier,420044,Y,Y,Y
Tag,Key Role Type,420083,Y,Y,Y
Tag,Key Value,420045,Y,Y,Y
Tag,Key Value Location,4200B8,Y,Y,Y
Tag,Key Value Location Type,4200BA,Y,Y,Y
Tag,Key Value Location Value,4200B9,Y,Y,Y
Tag,Key Value Present,4200BB,Y,Y,Y
Tag,Key Wrap Type,4200F8,N,Y,Y
Tag,Key Wrapping Data,420046,Y,Y,Y
Tag,Key Wrapping Specification,420047,Y,Y,Y
Tag,Last Change Date,420048,Y,Y,Y
Tag,Lease Time,420049,Y,Y,Y
Tag,Link,42004A,Y,Y,N
Tag,Link Type,42004B,Y,Y,N
Tag,Linked Object Identifier,42004C,Y,Y,N
Tag,Located Items,4200D5,N,Y,Y
Tag,Log Message,420141,N,Y,Y
Tag,MAC Data,4200C6,Y,Y,Y
Tag,MAC/Signature,42004D,Y,Y,Y
Tag,MAC/Signature Key Information,42004E,Y,Y,Y
Tag,Machine Identifier,4200A9,Y,Y,Y
Tag,Mask Generator,420101,N,Y,Y
Tag,Mask Generator Hashing Algorithm,420102,N,Y,Y
Tag,Maximum Items,42004F,Y,Y,Y
Tag,Maximum Response Size,420050,Y,Y,Y
Tag,Media Identifier,4200AA,Y,Y,Y
Tag,Message Extension,420051,Y,Y,Y
Tag,Modulus,420052,Y,Y,Y
Tag,Name,420053,Y,Y,Y
Tag,Name Type,420054,Y,Y,N
Tag,Name Value,420055,Y,Y,N
Tag,Network Identifier,4200AB,Y,Y,Y
Tag,Never Extractable,420123,N,Y,Y
Tag,New Attribute,42013D,N,Y,Y
Tag,Next Link,0x420194,N,N,Y
Tag,NIST Key Type,42013A,N,Y,Y
Tag,NIST Security Category,0x4201C2,N,N,Y
Tag,Nonce,4200C8,Y,Y,Y
Tag,Nonce ID,4200C9,Y,Y,Y
Tag,Nonce Value,4200CA,Y,Y,Y
Tag,Object Class,0x42019E,N,N,Y
Tag,Object Class Mask,0x42019F,N,N,Y
Tag,Object Defaults,420153,N,Y,Y
Tag,Object Group,420056,Y,Y,N
Tag,Object Group Member,4200AC,Y,Y,N
Tag,Object Groups,420166,N,Y,Y
Tag,Object Type,420057,Y,Y,Y
Tag,Object Types,420167,N,Y,Y
Tag,Objects,42014E,N,Y,Y
Tag,Offset,420058,Y,Y,Y
Tag,Offset Items,4200D4,N,Y,Y
Tag,One Time Password,420156,N,Y,Y
Tag,Opaque Data Type,420059,Y,Y,Y
Tag,Opaque Data Value,42005A,Y,Y,Y
Tag,Opaque Object,42005B,Y,Y,Y
Tag,Operation,42005C,Y,Y,Y
Tag,Operation Policy Name,42005D,Y,N,N
Tag,Operations,42014F,N,Y,Y
Tag,Original Creation Date,4200BC,Y,Y,Y
Tag,OTP Algorithm,0x4201A8,N,N,Y
Tag,OTP Counter,0x4201AE,N,N,Y
Tag,OTP Credential,0x4201A7,N,N,Y
Tag,OTP Digest,0x4201A9,N,N,Y
Tag,OTP Digits,0x4201AD,N,N,Y
Tag,OTP Interval,0x4201AC,N,N,Y
Tag,OTP Seed,0x4201AB,N,N,Y
Tag,OTP Serial,0x4201AA,N,N,Y
Tag,P,42005E,Y,Y,Y
Tag,P Source,420103,N,Y,Y
Tag,Padding Method,42005F,Y,Y,Y
Tag,Parent Link,0x420195,N,N,Y
Tag,Password,4200A1,Y,Y,Y
Tag,Password Credential,0x4201A1,N,N,Y
Tag,Password Link,0x4201A5,N,N,Y
Tag,Password Salt,0x4201A2,N,N,Y
Tag,Password Salt Algorithm,0x4201A3,N,N,Y
Tag,PGP Key,4200BD,Y,Y,Y
Tag,PGP Key Version,4200BE,Y,Y,Y
Tag,PKCS#11 Function,42015A,N,Y,Y
Tag,PKCS#11 Input Parameters,42015B,N,Y,Y
Tag,PKCS#11 Interface,420159,N,Y,Y
Tag,PKCS#11 Output Parameters,42015C,N,Y,Y
Tag,PKCS#11 Return Code,42015D,N,Y,Y
Tag,PKCS#12 Certificate Link,0x420196,N,N,Y
Tag,PKCS#12 Friendly Name,4200FB,N,Y,Y
Tag,PKCS#12 Password Link,0x420197,N,N,Y
Tag,Prediction Resistance,4200DD,N,Y,Y
Tag,Previous Link,0x420198,N,N,Y
Tag,Prime Exponent P,420060,Y,Y,Y
Tag,Prime Exponent Q,420061,Y,Y,Y
Tag,Prime Field Size,420062,Y,Y,Y
Tag,Private Exponent,420063,Y,Y,Y
Tag,Private Key,420064,Y,Y,Y
Tag,Private Key Attributes,420127,N,Y,Y
Tag,Private Key Link,0x420199,N,N,Y
Tag,Private Key Template-Attribute,420065,Y,N,N
Tag,Private Key Unique Identifier,420066,Y,Y,Y
Tag,Private Protection Storage Masks,420164,N,Y,Y
Tag,Process Start Date,420067,Y,Y,Y
Tag,Processing Stage,0x420175,N,Y,Y
Tag,Product Name,420131,N,Y,Y
Tag,Profile Information,4200EB,N,Y,Y
Tag,Profile Name,4200EC,N,Y,Y
Tag,Profile Version,420142,N,Y,Y
Tag,Profile Version Major,420143,N,Y,Y
Tag,Profile Version Minor,420144,N,Y,Y
Tag,Protect Stop Date,420068,Y,Y,Y
Tag,Protection Level,420145,N,Y,Y
Tag,Protection Period,420146,N,Y,Y
Tag,Protection Storage Mask,42015E,N,Y,Y
Tag,Protection Storage Masks,42015F,N,Y,Y
Tag,Protocol Version,420069,Y,Y,Y
Tag,Protocol Version Major,42006A,Y,Y,Y
Tag,Protocol Version Minor,42006B,Y,Y,Y
Tag,Public Exponent,42006C,Y,Y,Y
Tag,Public Key,42006D,Y,Y,Y
Tag,Public Key Attributes,420128,N,Y,Y
Tag,Public Key Link,0x42019A,N,N,Y
Tag,Public Key Template-Attribute,42006E,Y,N,N
Tag,Public Key Unique Identifier,42006F,Y,Y,Y
Tag,Public Protection Storage Masks,420165,N,Y,Y
Tag,Put Function,420070,Y,Y,Y
Tag,Q,420071,Y,Y,Y
Tag,Q String,420072,Y,Y,Y
Tag,Qlength,420073,Y,Y,Y
Tag,Quantum Safe,420147,N,Y,Y
Tag,Quantum Safe Capability,420148,N,Y,Y
Tag,Query Function,420074,Y,Y,Y
Tag,Random IV,4200C5,Y,Y,Y
Tag,Random Number Generator,4200DE,N,Y,Y
Tag,Recommended Curve,420075,Y,Y,Y
Tag,Replace Existing,420124,N,Y,Y
Tag,Replaced Object Link,0x42019B,N,N,Y
Tag,Replaced Unique Identifier,420076,Y,Y,Y
Tag,Replacement Object Link,0x42019C,N,N,Y
Tag,Request Count,42014C,N,Y,Y
Tag,Request Header,420077,Y,Y,Y
Tag,Request Message,420078,Y,Y,Y
Tag,Request Payload,420079,Y,Y,Y
Tag,Reserved,420137,N,Y,Y
Tag,Response Header,42007A,Y,Y,Y
Tag,Response Message,42007B,Y,Y,Y
Tag,Response Payload,42007C,Y,Y,Y
Tag,Result Message,42007D,Y,Y,Y
Tag,Result Reason,42007E,Y,Y,Y
Tag,Result Status,42007F,Y,Y,Y
Tag,Revocation Message,420080,Y,Y,Y
Tag,Revocation Reason,420081,Y,Y,Y
Tag,Revocation Reason Code,420082,Y,Y,Y
Tag,Right,420150,N,Y,Y
Tag,Rights,42014D,N,Y,Y
Tag,RNG Algorithm,4200DA,N,Y,Y
Tag,RNG Mode,4200F5,N,Y,Y
Tag,RNG Parameters,4200D9,N,Y,Y
Tag,Rotate Automatic,0x42016B,N,Y,Y
Tag,Rotate Date,0x42016D,N,Y,Y
Tag,Rotate Generation,0x42016E,N,Y,Y
Tag,Rotate Interval,0x42016A,N,Y,Y
Tag,Rotate Latest,0x420172,N,Y,Y
Tag,Rotate Name,0x42016F,N,Y,Y
Tag,Rotate Name Type,0x420171,N,Y,N
Tag,Rotate Name Value,0x420170,N,Y,N
Tag,Rotate Offset,0x42016C,N,Y,Y
Tag,Salt,420084,Y,Y,Y
Tag,Salt Length,420100,N,Y,Y
Tag,Salted Password,0x4201A4,N,N,Y
Tag,Secret Data,420085,Y,Y,Y
Tag,Secret Data Type,420086,Y,Y,Y
Tag,Sensitive,420120,N,Y,Y
Tag,Serial Number,420087(deprecated as of version 1.1),Y,N,N
Tag,Server Correlation Value,420106,N,Y,Y
Tag,Server Hashed Password,420155,N,Y,Y
Tag,Server Information,420088,Y,Y,Y
Tag,Server Load,420130,N,Y,Y
Tag,Server Name,42012D,N,Y,Y
Tag,Server Port,4200EE,N,Y,Y
Tag,Server Serial Number,42012E,N,Y,Y
Tag,Server URI,4200ED,N,Y,Y
Tag,Server Version,42012F,N,Y,Y
Tag,Short Unique Identifier,420136,N,Y,Y
Tag,Shredding Algorithm,4200F4,N,Y,Y
Tag,Sign Counter,0x4201C0,N,N,Y
Tag,Signature Data,4200C3,Y,Y,Y
Tag,Signature Verify Counter,0x4201C1,N,N,Y
Tag,Split Key,420089,Y,Y,Y
Tag,Split Key Base Link,0x4201B4,N,N,Y
Tag,Split Key Method,42008A,Y,Y,Y
Tag,Split Key Parts,42008B,Y,Y,Y
Tag,Split Key Polynomial,0x4201B6,N,N,Y
Tag,Split Key Threshold,42008C,Y,Y,Y
Tag,State,42008D,Y,Y,Y
Tag,Storage Status Mask,42008E,Y,Y,Y
Tag,Streaming Capability,4200EF,N,Y,Y
Tag,Subject Alternative Name,4200B3,Y,Y,Y
Tag,Subject Distinguished Name,4200B4,Y,Y,Y
Tag,Submission Date,0x420174,N,Y,Y
Tag,Symmetric Key,42008F,Y,Y,Y
Tag,Tag,420138,N,Y,Y
Tag,Tag Length,4200CE,Y,Y,Y
Tag,Template,420090,Y,N,N
Tag,Template-Attribute,420091,Y,N,N
Tag,Ticket,420149,N,Y,Y
Tag,Ticket Type,42014A,N,Y,Y
Tag,Ticket Value,42014B,N,Y,Y
Tag,Time Stamp,420092,Y,Y,Y
Tag,Trailer Field,420104,N,Y,Y
Tag,Unique Batch Item ID,420093,Y,Y,N
Tag,Unique Identifier,420094,Y,Y,Y
Tag,Unwrap Mode,4200F2,N,Y,Y
Tag,Usage Limits,420095,Y,Y,Y
Tag,Usage Limits Count,420096,Y,Y,Y
Tag,Usage Limits Total,420097,Y,Y,Y
Tag,Usage Limits Unit,420098,Y,Y,Y
Tag,Username,420099,Y,Y,Y
Tag,Validation Authority Country,4200E1,N,Y,Y
Tag,Validation Authority Type,4200E0,N,Y,Y
Tag,Validation Authority URI,4200E2,N,Y,Y
Tag,Validation Certificate Identifier,4200E7,N,Y,Y
Tag,Validation Certificate URI,4200E8,N,Y,Y
Tag,Validation Information,4200DF,N,Y,Y
Tag,Validation Level,4200E6,N,Y,Y
Tag,Validation Profile,4200EA,N,Y,Y
Tag,Validation Type,4200E5,N,Y,Y
Tag,Validation Vendor URI,4200E9,N,Y,Y
Tag,Validation Version Major,4200E3,N,Y,Y
Tag,Validation Version Minor,4200E4,N,Y,Y
Tag,Validity Date,42009A,Y,Y,Y
Tag,Validity Indicator,42009B,Y,Y,Y
Tag,Vendor Extension,42009C,Y,Y,Y
Tag,Vendor Identification,42009D,Y,Y,Y
Tag,Wrapping Key Link,0x42019D,N,N,Y
Tag,Wrapping Method,42009E,Y,Y,Y
Tag,X,42009F,Y,Y,Y
Tag,X.509 Certificate Identifier,4200B5,Y,Y,Y
Tag,X.509 Certificate Issuer,4200B6,Y,Y,Y
Tag,X.509 Certificate Subject,4200B7,Y,Y,Y
Tag,Y,4200A0,Y,Y,Y
Ticket Type,Extensions,8XXXXXXX,N,Y,Y
Ticket Type,Login,00000001,N,Y,Y
Unique Identifier,Certify,00000002,N,Y,Y
Unique Identifier,Create,00000003,N,Y,Y
Unique Identifier,Create Credential,00000015,N,N,Y
Unique Identifier,Create Group,00000014,N,N,Y
Unique Identifier,Create Key Pair,00000004,N,Y,Y
Unique Identifier,Create Key Pair Private Key,00000005,N,Y,Y
Unique Identifier,Create Key Pair Public Key,00000006,N,Y,Y
Unique Identifier,Create Split Key,00000007,N,Y,Y
Unique Identifier,Create User,00000013,N,N,Y
Unique Identifier,Derive Key,00000008,N,Y,Y
Unique Identifier,Extensions,8XXXXXXX,N,Y,Y
Unique Identifier,ID Placeholder,00000001,N,Y,Y
Unique Identifier,Import,00000009,N,Y,Y
Unique Identifier,Join Split Key,0000000A,N,Y,Y
Unique Identifier,Locate,0000000B,N,Y,Y
Unique Identifier,Re-certify,0000000E,N,Y,Y
Unique Identifier,Re-key,0000000D,N,Y,Y
Unique Identifier,Re-key Key Pair,0000000F,N,Y,Y
Unique Identifier,Re-key Key Pair Private Key,00000010,N,Y,Y
Unique Identifier,Re-key Key Pair Public Key,00000011,N,Y,Y
Unique Identifier,Re-Provision,00000012,N,N,Y
Unique Identifier,Register,0000000C,N,Y,Y
Unwrap Mode,Extensions,8XXXXXXX,N,Y,Y
Unwrap Mode,Not Processed,00000003,N,Y,Y
Unwrap Mode,Processed,00000002,N,Y,Y
Unwrap Mode,Unspecified,00000001,N,Y,Y
Usage Limits Unit,Byte,00000001,Y,Y,Y
Usage Limits Unit,Extensions,8XXXXXXX,Y,Y,Y
Usage Limits Unit,Object,00000002,Y,Y,Y
Validation Authority Type,Common Criteria,00000003,N,Y,Y
Validation Authority Type,Extensions,8XXXXXXX,N,Y,Y
Validation Authority Type,NIST CMVP,00000002,N,Y,Y
Validation Authority Type,Unspecified,00000001,N,Y,Y
Validation Type,Extensions,8XXXXXXX,N,Y,Y
Validation Type,Firmware,00000004,N,Y,Y
Validation Type,Hardware,00000002,N,Y,Y
Validation Type,Hybrid,00000005,N,Y,Y
Validation Type,Software,00000003,N,Y,Y
Validation Type,Unspecified,00000001,N,Y,Y
Validity Indicator,Extensions,8XXXXXXX,Y,Y,Y
Validity Indicator,Invalid,00000002,Y,Y,Y
Validity Indicator,Unknown,00000003,Y,Y,Y
Validity Indicator,Valid,00000001,Y,Y,Y
Wrapping Method,Encrypt,00000001,Y,Y,Y
Wrapping Method,Encrypt then MAC/sign,00000003,Y,Y,Y
Wrapping Method,Extensions,8XXXXXXX,Y,Y,Y
Wrapping Method,MAC/sign,00000002,Y,Y,Y
Wrapping Method,MAC/sign then encrypt,00000004,Y,Y,Y
Wrapping Method,TR-31,00000005,Y,Y,Y
